"Êó∂Èó¥Êà≥ËÆ∞","What kind of items do you buy online? ","How many times do you buy such items online in a month?","Do you think the shipping fee is expensive to some extent?","Under what kind of cases do you think the shipping fee is expensive?","Do you often add more items to your cart to get free shipping? ","Are you willing to share the shipping process with strangers in order to reduce the shipping fee?","If yes, how far the strangers live is suitable for you to share the shipping fee with them.","If we offer a platform to share the shipping fee, are you willing to use it ?","Which country are you from?","Occupation:"
"2021/04/20 4:26:04 ‰∏ãÂçà GMT+2","Food;Clothes/Shoes","1-4","Depend on different cases","High shipping costs for cheaper items","Yes","Yes","0 - 1 KM","Yes","China","Master student"
"2021/04/20 4:27:54 ‰∏ãÂçà GMT+2","Food;Clothes/Shoes;Books","1-4","Depend on different cases","High shipping costs for cheaper items","Yes","No","The same building","Maybe","China","Master student"
"2021/04/20 4:33:43 ‰∏ãÂçà GMT+2","Food","1-4","Yes","","Yes","Yes","The same building","Yes","China","Master student"
"2021/04/20 4:36:58 ‰∏ãÂçà GMT+2","Food;Gadgets;Clothes/Shoes","1-4","Yes","","Yes","Yes","The same community (viz: Student dorms, same area, school/office campus etc)","Yes","China ","Master student"
"2021/04/20 4:41:07 ‰∏ãÂçà GMT+2","Food;Gadgets;Clothes/Shoes","1-4","Yes","","Yes","Yes","The same community (viz: Student dorms, same area, school/office campus etc)","Yes","India","Master student"
"2021/04/20 4:44:22 ‰∏ãÂçà GMT+2","Clothes/Shoes;Books","1-4","No","","","","","","",""
"2021/04/20 5:23:28 ‰∏ãÂçà GMT+2","Food","1-4","Depend on different cases","High shipping costs for cheaper items","No","No","The same building","Maybe","China","Full-time job"
"2021/04/20 9:51:18 ‰∏ãÂçà GMT+2","Books","1-4","Depend on different cases","High shipping costs for cheaper items","Yes","No","no","Maybe","UK","Master student"
"2021/04/21 3:07:48 ‰∏äÂçà GMT+2","Clothes/Shoes","1-4","Yes","","Yes","Yes","The same community (viz: Student dorms, same area, school/office campus etc)","Yes","china","Master student"
"2021/04/21 11:07:51 ‰∏äÂçà GMT+2","Books","1-4","Yes","","No","Yes","The same community (viz: Student dorms, same area, school/office campus etc)","Maybe","Hungary","Bachelor student"
"2021/04/21 11:08:10 ‰∏äÂçà GMT+2","Gadgets;Books","1-4","Yes","","No","Yes","The same community (viz: Student dorms, same area, school/office campus etc)","Maybe","Hungary","Bachelor student"
"2021/04/21 11:08:41 ‰∏äÂçà GMT+2","Food;Gadgets;Clothes/Shoes;Books","1-4","Depend on different cases","High shipping costs for cheaper items","No","Yes","0 - 1 KM","Maybe","Hungary","Bachelor student"
"2021/04/21 11:09:03 ‰∏äÂçà GMT+2","Food;Gadgets;Clothes/Shoes;Books","5-8","Yes","","Yes","Yes","0 - 1 KM","Yes","Hungary","Master student"
"2021/04/21 11:09:16 ‰∏äÂçà GMT+2","Food","1-4","Yes","","No","No","I answered no at the previous question","Maybe","Hungary","Bachelor student"
"2021/04/21 11:10:24 ‰∏äÂçà GMT+2","Gadgets;Books","1-4","Yes","","No","Yes","The same community (viz: Student dorms, same area, school/office campus etc)","Yes","Hungary","Bachelor student"
"2021/04/21 11:11:30 ‰∏äÂçà GMT+2","Clothes/Shoes","1-4","No","","","","","","",""
"2021/04/21 11:12:01 ‰∏äÂçà GMT+2","Food;Gadgets;Clothes/Shoes","1-4","Depend on different cases","High shipping costs for cheaper items;No free shipping despite buying a lot of items","Yes","Yes","It depends on the ordered item","Yes","Hun","Master student"
"2021/04/21 11:12:18 ‰∏äÂçà GMT+2","Food;Clothes/Shoes","1-4","Yes","","Yes","Yes","0 - 1 KM","Yes","Hungary","Bachelor student"
"2021/04/21 11:14:05 ‰∏äÂçà GMT+2","Gadgets","3 per year","Depend on different cases","High shipping costs for cheaper items","No","Yes","0 - 1 KM","Maybe","Hungary","Prefer not to say"
"2021/04/21 11:18:15 ‰∏äÂçà GMT+2","Food;Gadgets;Clothes/Shoes;Books","1-4","Depend on different cases","High shipping costs for cheaper items;No free shipping despite buying a lot of items","Yes","Yes","The same community (viz: Student dorms, same area, school/office campus etc)","Yes","Hungary ","Bachelor student"
"2021/04/21 11:18:34 ‰∏äÂçà GMT+2","Clothes/Shoes;Books","1-4","Depend on different cases","High shipping costs for cheaper items","Yes","Yes","The same community (viz: Student dorms, same area, school/office campus etc)","Maybe","Hungary","Full-time job"
"2021/04/21 11:19:42 ‰∏äÂçà GMT+2","Gadgets;Clothes/Shoes;Books","1-4","Depend on different cases","High shipping costs for cheaper items","No","No","The same community (viz: Student dorms, same area, school/office campus etc)","Maybe","","Bachelor student"
"2021/04/21 11:23:07 ‰∏äÂçà GMT+2","Food;Gadgets;Clothes/Shoes;Books","1-4","Depend on different cases","High shipping costs for cheaper items","No","Yes","The same community (viz: Student dorms, same area, school/office campus etc)","Yes","Hungary","Bachelor student"
"2021/04/21 11:25:48 ‰∏äÂçà GMT+2","Food;Books","Above 9","Depend on different cases","No free shipping despite buying a lot of items","Yes","No","The same community (viz: Student dorms, same area, school/office campus etc)","Maybe","","Master student"
"2021/04/21 11:29:29 ‰∏äÂçà GMT+2","Food;Clothes/Shoes;Books","5-8","Yes","","Yes","Yes","The same community (viz: Student dorms, same area, school/office campus etc)","Yes","India","Full-time job"
"2021/04/21 11:29:54 ‰∏äÂçà GMT+2","Books;hygiene products","1-4","Yes","","No","No","The same community (viz: Student dorms, same area, school/office campus etc)","Maybe","Hungary","Bachelor student"
"2021/04/21 11:31:43 ‰∏äÂçà GMT+2","Food;Gadgets;Clothes/Shoes;Books","1-4","Yes","","Yes","Yes","The same community (viz: Student dorms, same area, school/office campus etc)","Yes","India","Master student"
"2021/04/21 11:33:00 ‰∏äÂçà GMT+2","Food;Gadgets;Clothes/Shoes;Books","1-4","Yes","","Yes","Yes","0 - 1 KM","Yes","India","Full-time job"
"2021/04/21 11:33:39 ‰∏äÂçà GMT+2","Food;Gadgets;Clothes/Shoes;Books","5-8","Depend on different cases","High shipping costs for cheaper items","Yes","Yes","0 - 1 KM","Yes","India","Full-time job"
"2021/04/21 11:34:22 ‰∏äÂçà GMT+2","Food;Gadgets;Clothes/Shoes;Books","1-4","Depend on different cases","High shipping costs for cheaper items;No free shipping despite buying a lot of items","Yes","No","No","No","Hun","Bachelor student"
"2021/04/21 11:35:31 ‰∏äÂçà GMT+2","Food;Gadgets;Clothes/Shoes;Books","1-4","Yes","","No","No","I wrote noüòÖ","Maybe","India","Full-time job"
"2021/04/21 11:35:36 ‰∏äÂçà GMT+2","Food;Clothes/Shoes;Books","1-4","Depend on different cases","High shipping costs for cheaper items;No free shipping despite buying a lot of items","Yes","Yes","The same community (viz: Student dorms, same area, school/office campus etc)","Maybe","Hungary","Bachelor student"
"2021/04/21 11:36:24 ‰∏äÂçà GMT+2","Gadgets;Clothes/Shoes","5-8","Yes","","Yes","No","The same community (viz: Student dorms, same area, school/office campus etc)","Yes","",""
"2021/04/21 11:37:00 ‰∏äÂçà GMT+2","Gadgets;Clothes/Shoes","1-4","Depend on different cases","High shipping costs for cheaper items;No free shipping despite buying a lot of items","Yes","No","The same community (viz: Student dorms, same area, school/office campus etc)","Yes","Hungary","Full-time job"
"2021/04/21 11:38:27 ‰∏äÂçà GMT+2","Food;Gadgets;Clothes/Shoes;Crypto","Many","Depend on different cases","High shipping costs for cheaper items","Yes","Yes","The same building","Maybe","India","Full-time job"
"2021/04/21 11:38:51 ‰∏äÂçà GMT+2","Gadgets;Books","1-2","Depend on different cases","High shipping costs for cheaper items","No","Yes","The same community (viz: Student dorms, same area, school/office campus etc)","No","India ","Bachelor student"
"2021/04/21 11:39:30 ‰∏äÂçà GMT+2","Food;Gadgets;Clothes/Shoes;Books","1-4","Yes","","No","Yes","2 - 3 KM","Maybe","Hungary","Master student"
"2021/04/21 11:40:14 ‰∏äÂçà GMT+2","Food;Gadgets;Books","1-4","Depend on different cases","No free shipping despite buying a lot of items","No","No","The same community (viz: Student dorms, same area, school/office campus etc)","Maybe","INDIA ","Master student"
"2021/04/21 11:40:44 ‰∏äÂçà GMT+2","Food;Gadgets;Clothes/Shoes;Books;Everything","Frequent","Yes","","Yes","No","The same community (viz: Student dorms, same area, school/office campus etc)","No","India","Master student"
"2021/04/21 11:41:09 ‰∏äÂçà GMT+2","Clothes/Shoes","1-4","Depend on different cases","High shipping costs for cheaper items","Yes","Yes","The same community (viz: Student dorms, same area, school/office campus etc)","Maybe","Australia ","Bachelor student"
"2021/04/21 11:43:06 ‰∏äÂçà GMT+2","Food;Gadgets;Clothes/Shoes","1-4","Yes","","Yes","Yes","The same community (viz: Student dorms, same area, school/office campus etc)","Maybe","Sweden","Master student"
"2021/04/21 11:46:00 ‰∏äÂçà GMT+2","Food;Gadgets;Books","Above 9","Depend on different cases","High shipping costs for cheaper items","No","No","Dont wanna","Maybe","Hungary","Bachelor student"
"2021/04/21 11:49:18 ‰∏äÂçà GMT+2","Food;Clothes/Shoes;Books;Skincare products","1-4","Yes","","Yes","Yes","The same community (viz: Student dorms, same area, school/office campus etc)","Maybe","Hungary",""
"2021/04/21 11:51:06 ‰∏äÂçà GMT+2","Food;Gadgets;Clothes/Shoes;Books","5-8","Yes","","Yes","Yes","The same community (viz: Student dorms, same area, school/office campus etc)","Yes","India","Full-time job"
"2021/04/21 11:53:14 ‰∏äÂçà GMT+2","Gadgets;Books","1-4","Depend on different cases","High shipping costs for cheaper items;No free shipping despite buying a lot of items","No","Yes","0 - 1 KM","Maybe","Italy","Master student"
"2021/04/21 11:57:27 ‰∏äÂçà GMT+2","Gadgets;Books","1-4","Depend on different cases","High shipping costs for cheaper items;No free shipping despite buying a lot of items","Yes","Yes","The same community (viz: Student dorms, same area, school/office campus etc)","Maybe","Italy","Master student"
"2021/04/21 11:57:35 ‰∏äÂçà GMT+2","Food;Gadgets;Books","1-4","No","","","","","","",""
"2021/04/21 12:00:35 ‰∏ãÂçà GMT+2","Food;Gadgets;Clothes/Shoes;Books","5-8","Depend on different cases","High shipping costs for cheaper items","No","No","No if yes...","No","Hungary","Full-time job"
"2021/04/21 12:04:21 ‰∏ãÂçà GMT+2","Food;Gadgets;Clothes/Shoes;Books","1-4","Depend on different cases","High shipping costs for cheaper items;No free shipping despite buying a lot of items","No","Yes","2 - 3 KM","Maybe","India","Prefer not to say"
"2021/04/21 12:05:38 ‰∏ãÂçà GMT+2","Food;Gadgets;Clothes/Shoes;Books","1-4","Yes","","No","Yes","2 - 3 KM","Yes","India","Full-time job"
"2021/04/21 12:10:33 ‰∏ãÂçà GMT+2","Books;Skincare products","1-4","Yes","","Yes","Yes","2 - 3 KM","Maybe","Hungary","Master student"
"2021/04/21 12:11:29 ‰∏ãÂçà GMT+2","Food;Gadgets;Clothes/Shoes","5-8","Yes","","Yes","Yes","The same community (viz: Student dorms, same area, school/office campus etc)","Yes","India","Full-time job"
"2021/04/21 12:15:13 ‰∏ãÂçà GMT+2","Food;Gadgets;Clothes/Shoes","Occasionally","Yes","","Yes","No","NA","No","India","Master student"
"2021/04/21 12:18:36 ‰∏ãÂçà GMT+2","Gadgets;Books;non-local travelling tickets, entrance tickets (e.g. theatre)","1-4","Depend on different cases","High shipping costs for cheaper items","Yes","Yes","2 - 3 KM","Maybe","","Master student"
"2021/04/21 12:20:15 ‰∏ãÂçà GMT+2","Food;Gadgets;Clothes/Shoes;Books","1-4","Yes","","Yes","Yes","0 - 1 KM","Yes","India","Master student"
"2021/04/21 12:21:33 ‰∏ãÂçà GMT+2","Food;Gadgets;Clothes/Shoes;Books","1-4","Depend on different cases","High shipping costs for cheaper items;No free shipping despite buying a lot of items","Yes","Yes","The same community (viz: Student dorms, same area, school/office campus etc)","Yes","Singapore","Master student"
"2021/04/21 12:23:02 ‰∏ãÂçà GMT+2","Gadgets","1-4","No","","","","","","",""
"2021/04/21 12:23:15 ‰∏ãÂçà GMT+2","Gadgets;Clothes/Shoes;Books","Above 9","No","","","","","","",""
"2021/04/21 12:23:56 ‰∏ãÂçà GMT+2","Books","1-4","Yes","","No","Yes","0 - 1 KM","Maybe","Hungary","Master student"
"2021/04/21 12:24:07 ‰∏ãÂçà GMT+2","Food;Gadgets;Books","1-4","Depend on different cases","High shipping costs for cheaper items","Yes","No","i said no","No","","Master student"
"2021/04/21 12:27:43 ‰∏ãÂçà GMT+2","Gadgets;Clothes/Shoes;Books","1-4","Yes","","Yes","Yes","The same community (viz: Student dorms, same area, school/office campus etc)","Yes","india","Bachelor student"
"2021/04/21 12:30:23 ‰∏ãÂçà GMT+2","Food;Gadgets;Clothes/Shoes;Books","Above 9","Yes","","Yes","No","0 - 1 KM","Yes","India","Full-time job"
"2021/04/21 12:31:11 ‰∏ãÂçà GMT+2","Clothes/Shoes;Books","1-4","Yes","","No","Yes","0 - 1 KM","Maybe","Hungary","Bachelor student"
"2021/04/21 12:39:41 ‰∏ãÂçà GMT+2","Gadgets;Books","1-4","Depend on different cases","High shipping costs for cheaper items;No free shipping despite buying a lot of items","No","No","The same community (viz: Student dorms, same area, school/office campus etc)","Maybe","Hungary","Master student"
"2021/04/21 12:40:17 ‰∏ãÂçà GMT+2","Gadgets","Not even once a month","Depend on different cases","High shipping costs for cheaper items;No free shipping despite buying a lot of items","No","Yes","2 - 3 KM","Yes","India","Master student"
"2021/04/21 12:42:09 ‰∏ãÂçà GMT+2","Gadgets;Clothes/Shoes","1-4","Yes","","Yes","No","0 - 1 KM","Yes","Philippines","Bachelor student"
"2021/04/21 12:48:01 ‰∏ãÂçà GMT+2","Gadgets;Books","1-4","Yes","","Yes","Yes","0 - 1 KM","Yes","Hungary ","Full-time job"
"2021/04/21 12:49:42 ‰∏ãÂçà GMT+2","Food;Clothes/Shoes","1-4","Yes","","No","Yes","The same community (viz: Student dorms, same area, school/office campus etc)","Maybe","","Master student"
"2021/04/21 12:50:29 ‰∏ãÂçà GMT+2","Food","1-4","Yes","","No","No","I am not willing to share the shipping process with strangers","No","Hungary","Full-time job"
"2021/04/21 12:53:31 ‰∏ãÂçà GMT+2","Clothes/Shoes;Books","1-4","Depend on different cases","High shipping costs for cheaper items","Yes","No","No","Maybe","Hungary","Bachelor student"
"2021/04/21 12:57:34 ‰∏ãÂçà GMT+2","Gadgets;Books","1-4","Depend on different cases","High shipping costs for cheaper items;No free shipping despite buying a lot of items","No","Yes","The same community (viz: Student dorms, same area, school/office campus etc)","Maybe","France","Master student"
"2021/04/21 12:59:17 ‰∏ãÂçà GMT+2","Food;Clothes/Shoes;Books","1-4","Depend on different cases","High shipping costs for cheaper items;No free shipping despite buying a lot of items","No","No","The same community (viz: Student dorms, same area, school/office campus etc)","Maybe","Hungary","Full-time job"
"2021/04/21 1:00:41 ‰∏ãÂçà GMT+2","Food;Gadgets;Books","1-4","Yes","","No","Yes","0 - 1 KM","Maybe","Hungary","Master student"
"2021/04/21 1:05:18 ‰∏ãÂçà GMT+2","Clothes/Shoes;Books","1-4","Depend on different cases","High shipping costs for cheaper items","No","Yes","2 - 3 KM","Yes","Hungary ","Bachelor student"
"2021/04/21 1:06:37 ‰∏ãÂçà GMT+2","Food;Clothes/Shoes;Books","Above 9","Yes","","Yes","Yes","The same community (viz: Student dorms, same area, school/office campus etc)","Yes","Hungary","Bachelor student"
"2021/04/21 1:21:04 ‰∏ãÂçà GMT+2","Food;Gadgets;Books","1-4","Yes","","Yes","Yes","The same community (viz: Student dorms, same area, school/office campus etc)","Yes","Hungary","Bachelor student"
"2021/04/21 1:39:36 ‰∏ãÂçà GMT+2","Gadgets;Clothes/Shoes;Books;board games, beauty products","1-4","Yes","","Yes","Yes","0 - 1 KM","Maybe","Poland","Master student"
"2021/04/21 1:41:21 ‰∏ãÂçà GMT+2","Gadgets;Books","1-4","Yes","","No","Yes","0 - 1 KM","Maybe","India","Master student"
"2021/04/21 1:44:15 ‰∏ãÂçà GMT+2","Food;Clothes/Shoes","1-4","Depend on different cases","High shipping costs for cheaper items","Yes","Yes","The same community (viz: Student dorms, same area, school/office campus etc)","Maybe","India ","Master student"
"2021/04/21 1:49:51 ‰∏ãÂçà GMT+2","Food;Gadgets;Clothes/Shoes","Above 9","Depend on different cases","High shipping costs for cheaper items;No free shipping despite buying a lot of items","Yes","Yes","2 - 3 KM","Maybe","Italy","Master student"
"2021/04/21 1:53:13 ‰∏ãÂçà GMT+2","Gadgets;Clothes/Shoes","1-4","Yes","","No","Yes","0 - 1 KM","Yes","Italy","Master student"
"2021/04/21 1:59:39 ‰∏ãÂçà GMT+2","Gadgets;Books","1-4","Depend on different cases","High shipping costs for cheaper items","No","Yes","2 - 3 KM","Maybe","Italy","Master student"
"2021/04/21 2:11:34 ‰∏ãÂçà GMT+2","Gadgets;Clothes/Shoes","1-4","No","","","","","","",""
"2021/04/21 2:12:48 ‰∏ãÂçà GMT+2","Food;Clothes/Shoes","1-4","Depend on different cases","No free shipping despite buying a lot of items","No","Yes","0 - 1 KM","Maybe","India","Bachelor student"
"2021/04/21 2:13:29 ‰∏ãÂçà GMT+2","Gadgets;Clothes/Shoes","1-4","Yes","","Yes","Yes","The same building","Maybe","India","Full-time job"
"2021/04/21 2:14:01 ‰∏ãÂçà GMT+2","Gadgets;nail stuff but is it supposed to go under clothes?","i buy stuff online once every few months","Depend on different cases","High shipping costs for cheaper items;No free shipping despite buying a lot of items","No","Yes","The same community (viz: Student dorms, same area, school/office campus etc)","Maybe","singapore","Bachelor student"
"2021/04/21 2:16:49 ‰∏ãÂçà GMT+2","Food;Clothes/Shoes;Books","5-8","Depend on different cases","High shipping costs for cheaper items","Yes","No","never did this","Maybe","india","Full-time job"
"2021/04/21 2:18:38 ‰∏ãÂçà GMT+2","Food;Gadgets","1-4","Depend on different cases","High shipping costs for cheaper items","No","Yes","0 - 1 KM","Yes","Hungary","Bachelor student"
"2021/04/21 2:22:39 ‰∏ãÂçà GMT+2","Food;Gadgets;Clothes/Shoes","1-4","Yes","","Yes","No","Na","Maybe","India","Prefer not to say"
"2021/04/21 2:41:03 ‰∏ãÂçà GMT+2","Food;Gadgets;Clothes/Shoes;Books","1-4","Depend on different cases","High shipping costs for cheaper items;No free shipping despite buying a lot of items","Yes","No","I said no, I wouldn't share it with strangers, but my answear would be yes, if the question was about my friends or family members ","Maybe","Hungary","Bachelor student"
"2021/04/21 2:41:44 ‰∏ãÂçà GMT+2","Food","1-4","Depend on different cases","No free shipping despite buying a lot of items","No","No","The same community (viz: Student dorms, same area, school/office campus etc)","Yes","India","Full-time job"
"2021/04/21 2:44:39 ‰∏ãÂçà GMT+2","Gadgets;Clothes/Shoes;Books;Beauty products","1-4","Depend on different cases","High shipping costs for cheaper items","No","No","The same community (viz: Student dorms, same area, school/office campus etc)","Maybe","Hungary","Bachelor student"
"2021/04/21 2:57:54 ‰∏ãÂçà GMT+2","Gadgets","1-4","Depend on different cases","High shipping costs for cheaper items","No","Yes","2 - 3 KM","Maybe","Sweden","Master student"
"2021/04/21 3:06:25 ‰∏ãÂçà GMT+2","Food;Gadgets;Clothes/Shoes;Books","Above 9","Depend on different cases","No free shipping despite buying a lot of items","Yes","Yes","The same community (viz: Student dorms, same area, school/office campus etc)","Maybe","United States","Master student"
"2021/04/21 3:07:38 ‰∏ãÂçà GMT+2","Food;Clothes/Shoes;Books","1-4","Depend on different cases","High shipping costs for cheaper items","Yes","Yes","The same community (viz: Student dorms, same area, school/office campus etc)","Yes","Malaysia","Bachelor student"
"2021/04/21 3:08:23 ‰∏ãÂçà GMT+2","nothing","0","Yes","","No","Yes","The same community (viz: Student dorms, same area, school/office campus etc)","Maybe","Hungary","Bachelor student"
"2021/04/21 3:23:04 ‰∏ãÂçà GMT+2","Clothes/Shoes","1-4","Depend on different cases","High shipping costs for cheaper items;No free shipping despite buying a lot of items","No","Yes","The same community (viz: Student dorms, same area, school/office campus etc)","Maybe","Pakistan","Master student"
"2021/04/21 3:32:54 ‰∏ãÂçà GMT+2","Food;Gadgets;Books","1-4","Depend on different cases","High shipping costs for cheaper items;No free shipping despite buying a lot of items","No","No","The same community (viz: Student dorms, same area, school/office campus etc)","Maybe","India","Full-time job"
"2021/04/21 3:42:26 ‰∏ãÂçà GMT+2","Food;Gadgets","1-4","Yes","","No","Yes","2 - 3 KM","Maybe","Hungary","Full-time job"
"2021/04/21 3:47:18 ‰∏ãÂçà GMT+2","Food;Gadgets;Clothes/Shoes;Books","1-4","Depend on different cases","No free shipping despite buying a lot of items","No","No","The same building","Maybe","Ind","Bachelor student"
"2021/04/21 3:59:48 ‰∏ãÂçà GMT+2","Food;Gadgets","5-8","Depend on different cases","High shipping costs for cheaper items","Yes","Yes","The same community (viz: Student dorms, same area, school/office campus etc)","Maybe","United States","Full-time job"
"2021/04/21 4:07:43 ‰∏ãÂçà GMT+2","Gadgets;Books","1-4","Depend on different cases","High shipping costs for cheaper items","Yes","Yes","The same community (viz: Student dorms, same area, school/office campus etc)","Maybe","Norway ","Bachelor student"
"2021/04/21 4:16:24 ‰∏ãÂçà GMT+2","Food;Clothes/Shoes;Books","1-4","Yes","","Yes","Yes","The same community (viz: Student dorms, same area, school/office campus etc)","Yes","Hungary","Bachelor student"
"2021/04/21 4:20:33 ‰∏ãÂçà GMT+2","Food;Gadgets;Clothes/Shoes","1-4","Yes","","Yes","No","No","No","Hungary","Full-time job"
"2021/04/21 4:24:06 ‰∏ãÂçà GMT+2","Books","1-4","No","","","","","","",""
"2021/04/21 4:36:14 ‰∏ãÂçà GMT+2","Food;Gadgets;Books","1-4","Depend on different cases","High shipping costs for cheaper items;No free shipping despite buying a lot of items","No","Yes","The same community (viz: Student dorms, same area, school/office campus etc)","Maybe","Hungary","Full-time job"
"2021/04/21 4:48:45 ‰∏ãÂçà GMT+2","Books","1-4","Depend on different cases","High shipping costs for cheaper items","Yes","No","-","Maybe","Hungary","Bachelor student"
"2021/04/21 5:36:20 ‰∏ãÂçà GMT+2","Gadgets","1-4","Yes","","No","Yes","0 - 1 KM","Yes","US","Full-time job"
"2021/04/21 5:42:29 ‰∏ãÂçà GMT+2","Food;Gadgets;Clothes/Shoes","Above 9","Depend on different cases","High shipping costs for cheaper items;No free shipping despite buying a lot of items","Yes","Yes","The same building","Maybe","United States","Full-time job"
"2021/04/21 6:00:33 ‰∏ãÂçà GMT+2","Books","1-4","Yes","","No","No","2 - 3 KM","Maybe","Hungary","Bachelor student"
"2021/04/21 6:18:56 ‰∏ãÂçà GMT+2","Food;Gadgets;Clothes/Shoes;Books","1-4","Depend on different cases","High shipping costs for cheaper items;No free shipping despite buying a lot of items","Yes","No","Not applicable","Maybe","India","Bachelor student"
"2021/04/21 6:20:06 ‰∏ãÂçà GMT+2","Food;Gadgets;Clothes/Shoes;Books","5-8","Depend on different cases","High shipping costs for cheaper items","Yes","Yes","The same community (viz: Student dorms, same area, school/office campus etc)","Yes","Hungary","Bachelor student"
"2021/04/21 6:28:50 ‰∏ãÂçà GMT+2","Food;Gadgets;Clothes/Shoes","1-4","Depend on different cases","High shipping costs for cheaper items;No free shipping despite buying a lot of items","Yes","Yes","The same community (viz: Student dorms, same area, school/office campus etc)","Yes","India","Full-time job"
"2021/04/21 7:03:54 ‰∏ãÂçà GMT+2","Food;Gadgets;Clothes/Shoes;Books;Wines","1-4","Depend on different cases","No free shipping despite buying a lot of items","Yes","Yes","The same building","Maybe","Hungary","Master student"
"2021/04/21 7:21:34 ‰∏ãÂçà GMT+2","Gadgets;Clothes/Shoes;Books","5-8","Depend on different cases","High shipping costs for cheaper items","No","Yes","2 - 3 KM","Yes","Netherlands ","Bachelor student"
"2021/04/21 7:54:31 ‰∏ãÂçà GMT+2","Food;Clothes/Shoes","1-4","Depend on different cases","High shipping costs for cheaper items","Yes","Yes","0 - 1 KM","Yes","Singapore ","Master student"
"2021/04/21 7:58:52 ‰∏ãÂçà GMT+2","Food;Clothes/Shoes","1-4","Depend on different cases","High shipping costs for cheaper items","Yes","Yes","0 - 1 KM","Yes","Singapore ","Master student"
"2021/04/21 10:49:28 ‰∏ãÂçà GMT+2","Gadgets;Furniture, car parts","1-4","No","","","","","","",""
"2021/04/21 11:12:07 ‰∏ãÂçà GMT+2","Gadgets;Clothes/Shoes","1-4","Yes","","Yes","Yes","The same community (viz: Student dorms, same area, school/office campus etc)","Maybe","Hungary","Bachelor student"
"2021/04/22 12:19:31 ‰∏äÂçà GMT+2","Gadgets;Books","1-4","Yes","","Yes","Yes","The same community (viz: Student dorms, same area, school/office campus etc)","Yes","",""
"2021/04/22 1:51:16 ‰∏äÂçà GMT+2","Food;Gadgets;Clothes/Shoes;Books","1-4","No","","","","","","",""
"2021/04/22 6:56:37 ‰∏äÂçà GMT+2","Food;Gadgets","1-4","Yes","","Yes","No","The same building","Maybe","India","Prefer not to say"
"2021/04/22 7:09:17 ‰∏äÂçà GMT+2","Food;Gadgets","1-4","No","","","","","","",""
"2021/04/22 2:48:39 ‰∏ãÂçà GMT+2","Food;Clothes/Shoes;Books","1-4","Depend on different cases","High shipping costs for cheaper items;No free shipping despite buying a lot of items","Yes","No","The same community (viz: Student dorms, same area, school/office campus etc)","Maybe","Romania","Bachelor student"
"2021/04/22 4:39:37 ‰∏ãÂçà GMT+2","Food;Gadgets;Clothes/Shoes;kitchen stuffs","5-8","Yes","","Yes","No","No","Maybe","India","Full-time job"
"2021/04/22 9:03:24 ‰∏ãÂçà GMT+2","Food;Gadgets;Books","1-4","Depend on different cases","High shipping costs for cheaper items","Yes","Yes","The same community (viz: Student dorms, same area, school/office campus etc)","Yes","china","Full-time job"
"2021/04/22 9:06:39 ‰∏ãÂçà GMT+2","Food;Clothes/Shoes","1-4","Yes","","Yes","Yes","The same building","Yes","China","Master student"
"2021/04/22 9:55:02 ‰∏ãÂçà GMT+2","Gadgets;Clothes/Shoes;Books","1-4","Depend on different cases","High shipping costs for cheaper items","No","No","The same community (viz: Student dorms, same area, school/office campus etc)","Yes","Hungary","Bachelor student"
"2021/04/22 10:45:47 ‰∏ãÂçà GMT+2","Clothes/Shoes;Books","1-4","Depend on different cases","High shipping costs for cheaper items","No","Yes","2 - 3 KM","Yes","The Netherlands","Full-time job"
"2021/04/22 10:48:24 ‰∏ãÂçà GMT+2","Food;Gadgets;Clothes/Shoes;Books","5-8","Depend on different cases","High shipping costs for cheaper items","Yes","Yes","The same building","Maybe","Romania","Bachelor student"
"2021/04/22 10:59:32 ‰∏ãÂçà GMT+2","Food;Gadgets;Clothes/Shoes;Books","1-4","Depend on different cases","High shipping costs for cheaper items;No free shipping despite buying a lot of items","Yes","Yes","The same community (viz: Student dorms, same area, school/office campus etc)","Maybe","Romania","Bachelor student"
"2021/04/22 11:16:12 ‰∏ãÂçà GMT+2","Gadgets;Clothes/Shoes;Books","1-4","Depend on different cases","No free shipping despite buying a lot of items","Yes","Yes","The same building","Yes","Romania","Bachelor student"
"2021/04/22 11:41:37 ‰∏ãÂçà GMT+2","Food;Gadgets;Clothes/Shoes","1-4","Depend on different cases","High shipping costs for cheaper items;No free shipping despite buying a lot of items","Yes","Yes","0 - 1 KM","Yes","Hungary","Bachelor student"
"2021/04/23 12:09:01 ‰∏äÂçà GMT+2","Food;Books","1-4","Depend on different cases","High shipping costs for cheaper items;No free shipping despite buying a lot of items","Yes","No","The same community (viz: Student dorms, same area, school/office campus etc)","Maybe","Hungary","Master student"
"2021/04/23 1:39:00 ‰∏äÂçà GMT+2","Food;Gadgets","5-8","No","","","","","","",""
"2021/04/23 1:56:27 ‰∏äÂçà GMT+2","Food;Clothes/Shoes","1-4","Yes","","Yes","Yes","The same community (viz: Student dorms, same area, school/office campus etc)","Yes","Sweden","Master student"
"2021/04/23 1:57:07 ‰∏äÂçà GMT+2","Food;Gadgets","1-4","Depend on different cases","High shipping costs for cheaper items;No free shipping despite buying a lot of items","Yes","Yes","The same community (viz: Student dorms, same area, school/office campus etc)","Yes","India","Master student"
"2021/04/23 2:16:28 ‰∏äÂçà GMT+2","Food;Health products","1-4","Depend on different cases","High shipping costs for cheaper items;No free shipping despite buying a lot of items","No","Yes","The same building","Maybe","Greece","Full-time job"
"2021/04/23 7:08:29 ‰∏äÂçà GMT+2","Clothes/Shoes","1-4","Depend on different cases","High shipping costs for cheaper items","Yes","Yes","0 - 1 KM","Maybe","Hungary","Full-time job"
"2021/04/23 8:09:35 ‰∏äÂçà GMT+2","Food;Clothes/Shoes;Books","1-4","Yes","","Yes","Yes","0 - 1 KM","Maybe","Hungary","Master student"
"2021/04/23 8:53:42 ‰∏äÂçà GMT+2","Gadgets;Clothes/Shoes","1-4","Depend on different cases","High shipping costs for cheaper items","No","Yes","0 - 1 KM","Maybe","",""
"2021/04/23 9:04:42 ‰∏äÂçà GMT+2","Food;Gadgets;Clothes/Shoes;Medicine, other pharmacy stuff ","1-4","Depend on different cases","High shipping costs for cheaper items;No free shipping despite buying a lot of items","No","Yes","The same community (viz: Student dorms, same area, school/office campus etc)","Maybe","Sweden ","Bachelor student"
"2021/04/23 9:52:39 ‰∏äÂçà GMT+2","Gadgets;Books","1-4","Depend on different cases","High shipping costs for cheaper items","No","Yes","0 - 1 KM","Yes","Spain","Master student"
"2021/04/23 10:28:54 ‰∏äÂçà GMT+2","Gadgets;Books","1-4","Yes","","No","Yes","The same community (viz: Student dorms, same area, school/office campus etc)","Maybe","Hungary","Master student"
"2021/04/24 5:22:09 ‰∏ãÂçà GMT+2","Food;Clothes/Shoes;Books","1-4","Yes","","Yes","Yes","The same community (viz: Student dorms, same area, school/office campus etc)","Yes","China","Master student"
"2021/04/24 5:22:24 ‰∏ãÂçà GMT+2","Daily necessities","1-4","Depend on different cases","High shipping costs for cheaper items","Yes","No","I haven' shared shipping fee with strangers.","Maybe","China","Master student"
"2021/04/24 5:30:53 ‰∏ãÂçà GMT+2","Clothes/Shoes","1-4","Yes","","Yes","Yes","The same community (viz: Student dorms, same area, school/office campus etc)","Yes","Finland","Master student"
"2021/04/24 5:31:55 ‰∏ãÂçà GMT+2","Food","5-8","Yes","","No","Yes","The same community (viz: Student dorms, same area, school/office campus etc)","Yes","France","Bachelor student"
"2021/04/24 5:37:07 ‰∏ãÂçà GMT+2","Clothes/Shoes;Books","1-4","Depend on different cases","High shipping costs for cheaper items","No","Yes","0 - 1 KM","Yes","Singapore","Master student"
"2021/04/24 5:47:40 ‰∏ãÂçà GMT+2","Food;Clothes/Shoes","1-4","Yes","","Yes","No","The same building","Yes","Sweden","Phd student"
"2021/04/24 9:14:48 ‰∏ãÂçà GMT+2","Food;Clothes/Shoes","1-4","Depend on different cases","High shipping costs for cheaper items","Yes","Yes","The same community (viz: Student dorms, same area, school/office campus etc)","Maybe","china","Master student"
"2021/04/24 10:19:27 ‰∏ãÂçà GMT+2","Food;Gadgets;Clothes/Shoes;Books","5-8","Depend on different cases","High shipping costs for cheaper items","Yes","Yes","The same community (viz: Student dorms, same area, school/office campus etc)","Yes","United States","Master student"
"2021/04/28 11:59:51 ‰∏äÂçà GMT+2","Gadgets;Clothes/Shoes","1-4","Yes","","Yes","No","The same building","Yes","Sweden","Master student"